glycoform,proportion
M9,0.333333333333333
M8,0.222222222222222
M7,0.148148148148148
M6,0.098765432098765
M5,0.065843621399177
M5Gn,0.043895747599451
M4Gn,0.029263831732968
M3Gn,0.019509221155312
M3Gn2,0.005574063187232
M3Gn3,0.003716042124821
G1,0.001592589482066
G2,0.000637035792827
G2S1,0.000254814317131
G2S2,0.000169876211420
G1S1,0.003185178964133
M3Gn2F,0.003716042124821
G1F,0.003539087737925
G2F,0.002784082353834
G2S1F,0.002025931113977
G2S2F,0.004391614650794
Gt2,0.002477361416548
Gt2S,0.004954722833095
